voice_resource_id,voice_asr_text,true_label,pred_label,true_label_name,pred_label_name,pred_reason,error_type
Uo0_bouLmdY.aac,都想盖绿板，刚好下面也麻烦哦，手机钞票，奔驰天涯，还有大天龙。,1,0,搞笑/玩梗,非搞笑/玩梗,内容模糊不完整，无法确认搞笑结构，边界判0。,误判
AjpO4rOV2Tc.aac,来来来来，卖三明治，卖三明治。,1,0,搞笑/玩梗,非搞笑/玩梗,简单叫卖重复，无搞笑结构。,误判
EL5g0wkN-wc.aac,上一秒我在台北看烟火，下一秒你在上海和某地口。你感觉我就像我感觉你世界上的另一个我，上一秒我在怕你落。大雨下一秒，你在蒙古天气，请你感觉我就像我感受你世界上的。另一个我。,0,1,非搞笑/玩梗,搞笑/玩梗,Step2第2条：恶搞改编歌词，将原词改为荒诞内容（和某地口、蒙古天气），主动制造笑点。,误判
FDdyR0bRGKc.aac,哎呦我去，你爸很潮啊。,0,1,非搞笑/玩梗,搞笑/玩梗,Step2第1条：调侃他人，明确对象（你爸）和荒诞落点（很潮），主动制造笑点。,误判
_f6cHoag3tg.aac,卖神秘制的，非常好吃。,1,0,搞笑/玩梗,非搞笑/玩梗,简单叫卖，无搞笑结构。,误判
6DzW9xQc8zc.aac,什么叫做5200，经常转一次比一次突破。这还是中国话吗？明明每个字我都认识组合在一起，我怎么就不认识了。,1,0,搞笑/玩梗,非搞笑/玩梗,表达困惑/吐槽，无明确搞笑结构，边界判0。,误判
fBDDoTeGvLQ.aac,你是我。,1,0,搞笑/玩梗,非搞笑/玩梗,极短无意义，无搞笑结构。,误判
-u1iZXSM4_M.aac,叫哥哥太小了。叫叔叔太老了。俏猫猫，性别又不对。那你应该叫我什么呢？,1,0,搞笑/玩梗,非搞笑/玩梗,未命中任何搞笑结构，无法识别具体网络梗，属于普通调侃，边界判0（Step9兜底）,误判
DB_V2wjsRKQ.aac,三明治，三明治，我在买新鲜的三明治。,1,0,搞笑/玩梗,非搞笑/玩梗,普通叙述，无搞笑意图（Step9兜底）,误判
8jb_NAonngk.aac,三明治，三明治卖，三明治，三明治。,1,0,搞笑/玩梗,非搞笑/玩梗,重复叫卖，无搞笑结构（Step9兜底）,误判
7nN60fyeUAU.aac,哎呀，嘟嘟嘟嘟嘟嘟嘟嘟嘟嘟嘟嘟。儿子，儿子，儿子奶奶奶奶奶奶奶奶奶奶。干嘛呢？,1,0,搞笑/玩梗,非搞笑/玩梗,无意义拟声，无明确搞笑结构，无法识别具体梗（Step9兜底）,误判
T1tXGprk8bw.aac,泪水打湿数据线，我去好像会倒电。,1,0,搞笑/玩梗,非搞笑/玩梗,可能为段子但无法确认具体梗，边界判0（Step9兜底）,误判
7m4utLn0EY0.aac,奥特曼飞得慢，飞到凌晨三点半。,1,0,搞笑/玩梗,非搞笑/玩梗,顺口溜，无明确搞笑结构，无法识别具体梗（Step9兜底）,误判
lsuzExbHzig.aac,卖三明治嘞，卖三明治嘞，走过路过不要错过，看看我们家最近新鲜的三明治。都是自己纯手工打造。,1,0,搞笑/玩梗,非搞笑/玩梗,普通叫卖，无搞笑意图（Step9兜底）,误判
GvYkDOcmLSI.aac,sity spection。,1,0,搞笑/玩梗,非搞笑/玩梗,ASR无意义文本，无搞笑结构（Step9兜底）,误判
mSS-hFtJBB4.aac,棉袄叔叔在练步机。哈哈哈。,1,0,搞笑/玩梗,非搞笑/玩梗,笑声依附于叙述，核心意图为描述，未主动制造笑点（Step7排除）,误判
8pryz94qCPM.aac,卖扇贝吃喽，卖扇贝吃喽，看看，哈哈哈哈哈，卖扇贝吃喽。,1,0,搞笑/玩梗,非搞笑/玩梗,笑声依附于叫卖，核心意图为推销，非主动逗乐（Step7排除）,误判
9-CVoGqwDlc.aac,呃。啊，是关中王来了。点开这颗星，点亮这颗星。哥哥你在哪里？,1,0,搞笑/玩梗,非搞笑/玩梗,直播互动用语，无搞笑结构，Step9判0。,误判
89bFcIPWNho.aac,哔哔喇叭，我的刀盾。,1,0,搞笑/玩梗,非搞笑/玩梗,可能为游戏术语或喊麦，无明确搞笑结构，Step9判0。,误判
cpqnl5U8wYU.aac,这歌变神奇。发音还在唱歌。我听着语音缝补出来。,1,0,搞笑/玩梗,非搞笑/玩梗,普通评论，无搞笑结构，核心意图是叙述。,误判
tTtwjKb_-WE.aac,我听见你心中那动人的天籁，就忽如一夜春风袭来，满面桃花开。我忍不住去采，我忍不住去摘。我敞开胸怀为你等待，令台令台台。,1,0,搞笑/玩梗,非搞笑/玩梗,疑似歌词但无法确认恶搞改编，更可能是认真唱歌，判0。,误判
cgwDTpD3i1A.aac,当当当当当。,1,0,搞笑/玩梗,非搞笑/玩梗,纯拟声字符，无独立语义，归为简短回应。,误判
FBwkSG38p4s.aac,来三明治，三明治好吃，要钱不好吃也要钱来。,1,0,搞笑/玩梗,非搞笑/玩梗,边界内容，无明显搞笑结构，全局铁律判0。,误判
hZYCXX4-PJw.aac,我真的好崩溃啊。你发语音就唱歌，我是真的没招惹。,1,0,搞笑/玩梗,非搞笑/玩梗,吐槽抱怨，表达情绪，无主动制造笑点。,误判
Nd0yxPcUFGE.aac,哈喽everybody。sorry，我不喜欢女孩，sorry我不会哄男孩。,1,0,搞笑/玩梗,非搞笑/玩梗,文本模糊，无法确认是玩梗，边界判0。,误判
k39sNROxshM.aac,不是干嘛啊，播真的没招了。,1,0,搞笑/玩梗,非搞笑/玩梗,抱怨语气，无搞笑结构，未命中任何规则。,误判
_vfsP4u1NEE.aac,猜名字，猜名字看一下吧。有点害羞哦，三明治。三明治在睡觉，周末有教室。想买的话可。先把他们。芭蕉香，OK。,1,0,搞笑/玩梗,非搞笑/玩梗,内容杂乱无逻辑，无明确搞笑结构，ASR可能错误，判0。,误判
ZrDxdqnkpmA.aac,小哥哥太小了。小猪猪太老了。叫妈妈性格不对，仔细想想应该叫我什么。救你。,1,0,搞笑/玩梗,非搞笑/玩梗,似调侃但无法确定具体网络梗或结构，边界内容按全局铁律判0。,误判
2aPG0zZ8h9g.aac,叫哥哥。,1,0,搞笑/玩梗,非搞笑/玩梗,短命令式语句，无搞笑结构，判0。,误判
RAyAYUOXo3k.aac,我非要去下载玩吃鸡。,1,0,搞笑/玩梗,非搞笑/玩梗,叙述个人意愿，无搞笑元素，判0。,误判
3Y9oElNxNOg.aac,特别神奇，发育音还在唱歌。我听着语音蹦不出了啊。,1,0,搞笑/玩梗,非搞笑/玩梗,无明确搞笑结构，仅表达惊讶，未命中任何判1规则，Step9兜底判0。,误判
BDx3NJS_5p8.aac,小哥哥。太小了叫叔叔，太老了，你应该怎么叫我的。,1,0,搞笑/玩梗,非搞笑/玩梗,普通调侃，无法识别具体网络梗，无明确搞笑结构，Step9兜底判0。,误判
RaJlAec9uVM.aac,泪水打湿养浴吧，又麻又辣又想她。,1,0,搞笑/玩梗,非搞笑/玩梗,疑似网络梗但无法明确识别具体出处，边界内容按铁律判0。,误判
g2anZjJ8Ds8.aac,别闹叔叔再连夫妻。嗯嗯。,1,0,搞笑/玩梗,非搞笑/玩梗,简短无明确搞笑结构，Step9兜底判0。,误判
Rcv5OizStZY.aac,恭喜你兄弟成功的被我恭喜到了啊，记住吃饭要用嘴，走路要用腿。废话说的是屁话，屁话说的是废话，所以我现在既没有说废话也没有说屁话，所以我说白了，我白说了，我不说了。听到这条语音的人，我会浪费你的时间，所以你再不要听后面了。嗯，对，如果你还想继续停下去的话，那就就停吧，因为我已经浪费你很多时间了。,0,1,非搞笑/玩梗,搞笑/玩梗,命中Step2第3条：夸张堆砌对仗式废话文学，主动制造笑点。,误判
wP5S27PK0JQ.aac,哎呀，哥哥我摔倒了。,1,0,搞笑/玩梗,非搞笑/玩梗,无法明确识别为具体网络梗，边界内容按铁律判0。,误判
e3N1FYn5My8.aac,真是服了这个KK键盘了，什么恶臭的语音，一说话就开始唱歌。搞得我们同学他们都嫌弃了，好吧，家人们。,1,0,搞笑/玩梗,非搞笑/玩梗,抱怨吐槽，无主动制造笑点，Step9兜底判0。,误判
tpyHh7tAvSE.aac,三明治。,1,0,搞笑/玩梗,非搞笑/玩梗,极短无意义，Step9兜底判0。,误判
XgYO7x1Hf_g.aac,三明治，三明治，新鲜的三明治嘞。,1,0,搞笑/玩梗,非搞笑/玩梗,叫卖式重复，无搞笑结构，Step9判0。,误判
DrlF0LQUaEk.aac,叫哥哥太小了，叫叔叔太老了，叫妈妈性格不对。那我想想应该叫什么呢？,1,0,搞笑/玩梗,非搞笑/玩梗,正常困惑叙述，无明确搞笑结构或梗，Step9判0。,误判
On8IRuSqYgg.aac,叫哥哥太小了。叫叔叔再唠了。叫妈妈性别不对。到底该叫什么呢？,1,0,搞笑/玩梗,非搞笑/玩梗,与样本6类似，正常困惑，无搞笑结构，Step9判0。,误判
Hft1Wcl2hUQ.aac,嗯。哭完了吗？哭完挂了。,1,0,搞笑/玩梗,非搞笑/玩梗,冷漠回应，无搞笑意图，Step9判0。,误判
KbdKmoWmk4o.aac,啊去。,1,0,搞笑/玩梗,非搞笑/玩梗,极短无意义，Step9判0。,误判
yRIIdlBvFuE.aac,啊啊。哈哈哈哈。哎。哈哈哈。,1,0,搞笑/玩梗,非搞笑/玩梗,纯拟声笑声，无独立语义，Step5判0。,误判
M6qHVQUPsxM.aac,向上向上，向上，向上向上。挣钱。,1,0,搞笑/玩梗,非搞笑/玩梗,口号式重复，无搞笑结构，Step9判0。,误判
_NXZPuYEpPI.aac,爱在唱歌。我听着语音封不住了啦。,1,0,搞笑/玩梗,非搞笑/玩梗,ASR可能识别错误，无明确搞笑结构，Step9判0。,误判
mxHpBDoHKxQ.aac,啊。,1,0,搞笑/玩梗,非搞笑/玩梗,单字无意义，Step9判0。,误判
_R7zmcVa8Dw.aac,向上向上，向上向上向前是萝莉音，湖北歌就是串通。,1,0,搞笑/玩梗,非搞笑/玩梗,内容混乱，疑似ASR错误，无搞笑结构。,误判
urY4wyV80hY.aac,猪猪。我要换奶片喽。,1,0,搞笑/玩梗,非搞笑/玩梗,简单陈述，无搞笑意图。,误判
dc_JDqvdHNs.aac,渣渣，发个奶屁给你不，不不，呵呵呵呵呵，死我了。,1,0,搞笑/玩梗,非搞笑/玩梗,边界内容，笑声词+“死我了”但缺乏明确搞笑结构，按全局铁律判0。,误判
_nWzwlmNny8.aac,6666。,1,0,搞笑/玩梗,非搞笑/玩梗,纯数字，无搞笑结构。,误判
nqOgtgFzzXk.aac,啊啊。OK，可离合呀，好棒。,1,0,搞笑/玩梗,非搞笑/玩梗,简单感叹，无搞笑结构。,误判
jPAboLUxsOk.aac,啊，不出。哇哦哦哦。,1,0,搞笑/玩梗,非搞笑/玩梗,无意义感叹，无搞笑。,误判
T7_9EnjS-gc.aac,中奖概率倍儿高，奖品野马跟儿好。嗯哎，不会唱了。,1,0,搞笑/玩梗,非搞笑/玩梗,似广告喊麦，但无明确搞笑结构，后半句自嘲不构成独立笑点。,误判
t_kfQBRYYLs.aac,啊。,1,0,搞笑/玩梗,非搞笑/玩梗,单字无意义，无搞笑。,误判
kvOzcj0z_bk.aac,我要烟牌牌没有问题，我给我踩皮鞋。,1,0,搞笑/玩梗,非搞笑/玩梗,内容模糊，无搞笑结构。,误判
boUawH4KhlI.aac,别闹了。世人难辨不清。,1,0,搞笑/玩梗,非搞笑/玩梗,前半句可能调侃但无具体搞笑结构，后半句像歌词，整体非主动制造笑点，Step9判0。,误判
Tf3vo8TsD88.aac,向上向上，向上向上向上向前是俄语音。,1,0,搞笑/玩梗,非搞笑/玩梗,疑似ASR识别错误或指令，无搞笑意图，Step9判0。,误判
ID-7OHrjbkg.aac,我真的着了，有没有人帮帮我真的管不了了。,1,0,搞笑/玩梗,非搞笑/玩梗,表达崩溃/无奈，无搞笑结构，Step9判0。,误判
9yVYMCaIAnc.aac,小哥哥太小了。叫叔叔看来了，你妈妈性格不对，你想想。你应该相信吧。,1,0,搞笑/玩梗,非搞笑/玩梗,文本混乱，无法明确识别具体梗，边界内容按全局铁律判0。,误判
Z-eDel2fa_g.aac,啊，这可别生气。把语音还在唱歌。我听着语音绷不住的爱。,1,0,搞笑/玩梗,非搞笑/玩梗,‘绷不住’非独立成句表达被逗笑，整体描述听语音唱歌，无主动制造笑点，Step9判0。,误判
tBSLrb3_lTY.aac,向下向下，向下，向下向后上点儿。,1,0,搞笑/玩梗,非搞笑/玩梗,指令性内容，无搞笑意图，Step9判0。,误判
EbLbdphagVE.aac,我真的好崩溃啊。你发语音就唱歌，我是真的没招惹。,1,0,搞笑/玩梗,非搞笑/玩梗,抱怨/吐槽，无搞笑结构，Step9判0。,误判
wQP8yhbMpO8.aac,呵，好呵，好，呵呵呵。,1,0,搞笑/玩梗,非搞笑/玩梗,纯拟声笑声字符，无独立语义，Step5判0。,误判
PEFk2hJhQQE.aac,新疆的猫叫彬彬，他不来不信你听。咪咪咪咪咪咪。调皮给他妈喊过来你听啊。回来啦。,1,0,搞笑/玩梗,非搞笑/玩梗,日常叙述猫叫，无明确搞笑结构，Step9判0。,误判
xfh2e68kL_k.aac,小萝卜。,1,0,搞笑/玩梗,非搞笑/玩梗,极短称呼，无搞笑结构，Step9判0。,误判
yCdBTl9XNeA.aac,我要烟牌牌没有问题给我擦皮鞋。,1,0,搞笑/玩梗,非搞笑/玩梗,内容不明，无明确搞笑结构（Step9）,误判
g1Lv3h8CGp0.aac,我听见你心中那动人的天籁，就忽如一夜春风袭来，满面桃花开，我忍不住去踩。我忍不住去摘我敞开胸怀，为你等待你抬抬。,1,0,搞笑/玩梗,非搞笑/玩梗,疑似歌词改编但无法确认恶搞意图，更像认真唱歌（Step2/Step9）,误判
J5hInoM1Qzc.aac,一开始我也以为他们只是玩个，然后就买了个变声器，结果现在改不回了。,1,0,搞笑/玩梗,非搞笑/玩梗,叙述经历，无主动制造笑点结构（Step9）,误判
RAW-bTxAYyk.aac,嗯嗯。,1,0,搞笑/玩梗,非搞笑/玩梗,极简短回应，无特征（Step9）,误判
wc99dTifm6o.aac,啊啊。big。,1,0,搞笑/玩梗,非搞笑/玩梗,无意义内容，无搞笑意图（Step9）,误判
mmlLkpLeR98.aac,不能啊。啊。嗯，不能拿。,1,0,搞笑/玩梗,非搞笑/玩梗,普通对话，无搞笑意图（Step9）,误判
mVCUcqub5x0.aac,三明治，三明治，三明治。今天新的三明治，好吃又好吃，特别好吃，三明治啦。嗨。,1,0,搞笑/玩梗,非搞笑/玩梗,推销式介绍，核心意图非搞笑（Step9）,误判
Zw_RxgS0OQQ.aac,什么东西拿回读英语嘞，能开玩笑嘞。city sfection,1,0,搞笑/玩梗,非搞笑/玩梗,内容混乱，无法判断具体搞笑结构（Step9）,误判
uubC3Z4QgEg.aac,电脑叔叔在拉屎。,1,0,搞笑/玩梗,非搞笑/玩梗,有荒诞感但无法识别具体梗，边界判0（Step2/Step9）,误判
gH6Rw9pr7Pk.aac,别闹，我在玩和平精英。,1,0,搞笑/玩梗,非搞笑/玩梗,普通回应，无搞笑意图（Step9）,误判
MGF9FVr9Sqs.aac,怎么都开始挑战这个熊东西了。有什么好挑战的，我靠了兄弟set is vection。,1,0,搞笑/玩梗,非搞笑/玩梗,吐槽语气，无明确搞笑结构（Step9）,误判
EqXGPuULt68.aac,妈妈31岁。11岁又健康的31岁谁要买给我直播间拉倒。,1,0,搞笑/玩梗,非搞笑/玩梗,ASR可能识别错误，内容混乱，无明确搞笑结构，判0。,误判
iENRM428CCw.aac,city sfiction,1,0,搞笑/玩梗,非搞笑/玩梗,短且无意义，无搞笑特征，Step9判0。,误判
_SEXkv3BAR0.aac,中奖概率倍儿高，奖品也码倍儿好，手机钞票本身今天还有大奖了。,1,0,搞笑/玩梗,非搞笑/玩梗,类似广告宣传，无明确搞笑结构，Step9判0。,误判
0WfrHFdnXdY.aac,啊。啊啊。啊啊嘿。啊哈嘿。啊嘿。诶诶诶。你人节快乐。一道道的沟沟。抖音道道亮。,1,0,搞笑/玩梗,非搞笑/玩梗,拟声词加混乱内容，无搞笑结构，Step9判0。,误判
3rdkZRqs3yI.aac,啊啊啊。啊。,1,0,搞笑/玩梗,非搞笑/玩梗,纯拟声，无语义，Step5判0。,误判
S56THLPagNw.aac,哈哈哈哈。,1,0,搞笑/玩梗,非搞笑/玩梗,纯笑声字符，无搞笑意图，Step5判0。,误判
4mHqKHKmQP4.aac,向下向下，向下，向下向下向前。,1,0,搞笑/玩梗,非搞笑/玩梗,Step9：简单重复指令，无搞笑意图，判0。,误判
Rx8xhqNaPF0.aac,浑沌眯一捂。鱼条一根。当你把这个倒头鱼条往脚米里面一泼。秦茂明渡过前后。,1,0,搞笑/玩梗,非搞笑/玩梗,Step9：ASR识别错误，无意义，判0。,误判
kuCSzqcbgpA.aac,我现在用最简单最直白，最不绕弯子的话告诉你我没绷住。,1,0,搞笑/玩梗,非搞笑/玩梗,Step1：'没绷住'单独成句，缺乏具体内容支撑，判0。,误判
jVEWUkQ_AVg.aac,为什么我下载了这个现在说话都是唱歌的，我真的绷不住了，我卸载了都还搁那唱。,0,1,非搞笑/玩梗,搞笑/玩梗,Step1：'绷不住了'配合荒诞描述（卸载后仍唱），主动逗乐，判1。,误判
rOoKUVoKUg4.aac,你是绝对温满村。你以为你保护的那些村货。我发现不了吗？看到我。,1,0,搞笑/玩梗,非搞笑/玩梗,Step9：ASR错误或游戏台词，无明确梗，判0。,误判
GpYgsg-zXhE.aac,再见吧撒，再见吧撒，再见吧撒，再见吧撒，再见吧撒。带紧摸杀仙女摸手这么久了，仙女点位不对，姐妹摸手摸发。,1,0,搞笑/玩梗,非搞笑/玩梗,Step9：ASR错误或无意义，无搞笑结构，判0。,误判
dTSTYFD7Cdo.aac,姐姐于静香，哪有你的余静香鬼鬼鬼鬼鬼鬼鬼鬼鬼鬼鬼鬼鬼鬼鬼鬼鬼鬼鬼鬼亲吻亲吻，亲吻亲吻。,1,0,搞笑/玩梗,非搞笑/玩梗,文本混乱可能ASR错误，无法明确识别具体梗或调侃对象，边界判0（Step9）,误判
q1tgXl8Yg7E.aac,鹅鹅鹅。,1,0,搞笑/玩梗,非搞笑/玩梗,纯拟声字符，无独立语义，归为简短回应（Step5判0）,误判
BzOScGQuv7Y.aac,炸一炸摇一摇，校长看到。,1,0,搞笑/玩梗,非搞笑/玩梗,无法识别具体网络梗/段子，无笑声词，结构像随口一说，判0（Step9）,误判
_rYpvT-_zCA.aac,我也会飞。哎。,1,0,搞笑/玩梗,非搞笑/玩梗,简短陈述，无笑声词或搞笑结构，无法确定调侃意图（Step9）,误判
5uKuX8BYsdA.aac,哎。,1,0,搞笑/玩梗,非搞笑/玩梗,单字无意义，极简短，倾向判0（Step5/9）,误判
fJoBIiU2g1g.aac,sless fixtion。,1,0,搞笑/玩梗,非搞笑/玩梗,无意义英文或ASR错误，无搞笑结构（Step9）,误判
SL_Kgd1uyU0.aac,这是是我的的。你是该。,1,0,搞笑/玩梗,非搞笑/玩梗,文本碎片，语义不清，无搞笑特征，判0。,误判
mc3z_3lp5RQ.aac,你点开的那一刻你已经输了，其实我不一场知道吗？你点开那一刻我就是想骗你。什么当恩怨歌一般不一般，我不会唱。,1,0,搞笑/玩梗,非搞笑/玩梗,看似有套路但无法识别具体网络梗，边界内容判0。,误判
c5yLFxeDOyA.aac,艾玛这个我也会呀，相上相上，相上向前是萝莉音，湖北哥就是伤头。,1,0,搞笑/玩梗,非搞笑/玩梗,语义不明，无法确认具体梗或搞笑结构，判0。,误判
E4Gd7VNInTI.aac,笨妈妈。,1,0,搞笑/玩梗,非搞笑/玩梗,极短称呼，无搞笑特征。,误判
YVLFotCWrRg.aac,哈哈哈哈哈哈。哈哈哈哈哈。我不行了。,1,0,搞笑/玩梗,非搞笑/玩梗,纯拟声笑声+情绪反应，无主动制造笑点，Step5判0。,误判
a0kcMt2bDZQ.aac,大家好，我是面糖。,1,0,搞笑/玩梗,非搞笑/玩梗,简单自我介绍，无搞笑意图。,误判
O5Ks6pAYJKE.aac,胡萝卜。,1,0,搞笑/玩梗,非搞笑/玩梗,单个词，无意义，判0。,误判
uWAzvgqUoNY.aac,我只是摔倒了。又不是摔死了。你凭什么觉得我爬不起来。,1,0,搞笑/玩梗,非搞笑/玩梗,自嘲式反驳，但无明确网络梗或搞笑结构，边界内容判0。,误判
Y89xUwyDUzc.aac,a lot。我是青蛇。,1,0,搞笑/玩梗,非搞笑/玩梗,简短无上下文，无法确认玩梗，边界判0。,误判
d0kq-VCKm-A.aac,浇面油油条一个。当你把这个刀面油条往烫去一泡。咦。这个味道你拿三百六一个狙把子都不丢。,1,0,搞笑/玩梗,非搞笑/玩梗,描述食物做法，语气夸张但无明确搞笑结构，边界判0。,误判
XsjSZqENbis.aac,巅峰的三个大佬，叶远龙已经死去，秋风正跪在地上，我有雨乘飞依然站着。秋风的这一跪代表着羽成飞的时代，终于来到职业是北园，是城南地区内最乱的学校，从未有任何一人能真正的把职院的势力统一。可是今天羽城非所。,1,0,搞笑/玩梗,非搞笑/玩梗,小说/故事叙述，无搞笑元素，Step9判0。,误判
L7Cl0AGB3Lw.aac,新疆猫叫咪咪，他不来。你听咪咪咪咪咪。叫死皮克，马上过来，哎贴。speak speak。来撕这个，来跳个舞，撕开撕开撕开撕开撕开撕开。啊。,1,0,搞笑/玩梗,非搞笑/玩梗,模仿猫叫/互动，但核心意图不明，无明确搞笑结构，边界判0。,误判
ZglP2V63tbw.aac,别闹叔叔会飞。不浪不浪，不浪，不浪不浪。,1,0,搞笑/玩梗,非搞笑/玩梗,可能玩梗但无法明确识别具体出处，边界内容判0。,误判
HNFn25ZHSdk.aac,啊。求求求你。,1,0,搞笑/玩梗,非搞笑/玩梗,简短请求，无搞笑意图，Step9判0。,误判
dIWQR6uDzS4.aac,不再依赖哥哥孙长大吗？可没用。哥希望你能一直也爱我。,1,0,搞笑/玩梗,非搞笑/玩梗,歌词或抒情表达，无搞笑意图（Step9兜底判0）,误判
FP0Bm8FqK6g.aac,泪水打湿数据线。一边流泪一边垫了擦头发。,1,0,搞笑/玩梗,非搞笑/玩梗,描述场景，无明确搞笑结构，边界内容按铁律判0（Step9兜底判0）,误判
qQ7Ik_sFoWA.aac,我九块九买的变声器好听吗？,1,0,搞笑/玩梗,非搞笑/玩梗,简单自嘲式询问，无具体搞笑结构（Step9兜底判0）,误判
tkT4fF7C5k4.aac,来个家伙，我是面瘫。,1,0,搞笑/玩梗,非搞笑/玩梗,自我介绍式表达，无法明确认出具体梗（Step9兜底判0）,误判
iaiJn83qvJE.aac,say disfection。,1,0,搞笑/玩梗,非搞笑/玩梗,ASR识别错误，无意义文本，无搞笑结构，判0（Step9兜底）,误判
HrR6HmmZmnk.aac,周娘给你分儿个枪，匹马奔儿啊，手机上不了奔驰，今天还有那些拿。,1,0,搞笑/玩梗,非搞笑/玩梗,无明显搞笑结构，疑似ASR错误，判0（Step9）,误判
mQokJ4Qtqtg.aac,奥特曼就奥特曼变身，奥特曼去挣100万。,1,0,搞笑/玩梗,非搞笑/玩梗,结构疑似调侃但无法确认具体梗，边界情况按全局铁律判0（Step2第4条不满足）,误判
7pKY7Ifz-qo.aac,让小伙子看到你在耍我的卡路里，在耍我的卡路里。嘿嘿，这是我不离的要求，我这一辈子都没结果。,1,0,搞笑/玩梗,非搞笑/玩梗,笑声词'嘿嘿'依附于抱怨/调侃情绪，核心意图不明确，判0（Step7）,误判
xPwRlXWUTmg.aac,白娘娘。,1,0,搞笑/玩梗,非搞笑/玩梗,简单称呼，无搞笑结构或意图，判0（Step9）,误判
HH0PnHcI5_w.aac,特别的爱给特别的你。,1,0,搞笑/玩梗,非搞笑/玩梗,歌词引用，无搞笑意图，判0（Step9）,误判
woeYM7ged0Q.aac,挣百万，挣百万，挣到百万就亏钱。,1,0,搞笑/玩梗,非搞笑/玩梗,有反转但无法识别具体网络梗，边界内容判0（全局铁律）。,误判
N2C930IcF9o.aac,想要问问你敢不敢。像你傻子。,0,1,非搞笑/玩梗,搞笑/玩梗,命中Step2第2条：恶搞改编歌词，将《为爱痴狂》歌词改为“像你傻子”，荒诞效果。,误判
AMTXknhM8lo.aac,各位诸天的游子系统已经发放。请查收。,1,0,搞笑/玩梗,非搞笑/玩梗,内容像系统通知，无法明确识别具体网络梗，无搞笑结构，判0。,误判
pkUeZY3PncM.aac,别闹。鼠鼠会飞。哼哼哼哼。,1,0,搞笑/玩梗,非搞笑/玩梗,边界内容，无法明确识别具体梗，且无核心笑声词，按全局铁律判0。,误判
J-WwgFY7Xzk.aac,这歌变声器发语音还在唱歌，我听着语音绷不住了。,0,1,非搞笑/玩梗,搞笑/玩梗,命中Step1：出现“绷不住了”且明确表达被逗笑，有具体内容支撑。,误判
MOPBpnxwupg.aac,绷不住也得绷呀老铁。,0,1,非搞笑/玩梗,搞笑/玩梗,命中Step2第4条：明确使用网络梗“绷不住”进行调侃，可识别为玩梗。,误判
5OuMQRjFgGY.aac,不再依赖姐姐算长大吗？,1,0,搞笑/玩梗,非搞笑/玩梗,普通疑问句，无搞笑结构，判0。,误判
k83sucV3Zdo.aac,为什么要把冰块放进球库，因为哥的冷库零下八度。,1,0,搞笑/玩梗,非搞笑/玩梗,疑似谐音梗但无法确认具体出处，按全局铁律判0。,误判
u5Mi8lltbYs.aac,朱迪为什么我接不了电话呀，朱迪，哎，急死我了，哎朱迪，朱迪，我接不了电话呀，朱迪。急死我了，哎呀哎呀。,1,0,搞笑/玩梗,非搞笑/玩梗,重复抱怨，无搞笑结构，非主动制造笑点，判0。,误判
MaHBDHrllAc.aac,呵呵呵呵呵呵呵呵呵呵呵呵呵呵呵呵呵呵呀呵呀。,1,0,搞笑/玩梗,非搞笑/玩梗,纯拟声笑声字符，无独立语义，命中Step5排除。,误判
5gflbkC47nk.aac,恰。踩着我脚啦。,1,0,搞笑/玩梗,非搞笑/玩梗,抱怨性语句，无笑声或搞笑结构（Step9兜底）。,误判
Fqe3uq1_JJw.aac,来个气泡，我是音。,1,0,搞笑/玩梗,非搞笑/玩梗,信息模糊，无明确搞笑意图（Step9兜底）。,误判
lhTgqZrJzwI.aac,你听到这条语音那么恭喜你听到了我这条语音，那么又恭喜你呗，我已经到了。,0,1,非搞笑/玩梗,搞笑/玩梗,明显废话文学套路，属于网络流行梗（Step2第4条）。,误判
aCb6M-6FbmA.aac,塞提子ficus。,1,0,搞笑/玩梗,非搞笑/玩梗,Step9兜底：无意义或ASR错误，无搞笑。,误判
B12t24L-gKQ.aac,posh me and don't posh me you。what a get my stadesfection。,1,0,搞笑/玩梗,非搞笑/玩梗,Step9兜底：无意义英文，无搞笑。,误判
jm0UFcto6z4.aac,你要的钱拿走，不要的也拿走，赶紧痛快拿走，慢留的给我拿走，统统拿走，大包全部拿走。马上就走，你不要回头一点都别给我留一件，两件，三件。四件五件六件七件八件都是你的，马上拿走。你要是再不拿走，再不拿走就快门，放狗放狗再放狗，今晚就好在这谁也不要想走。,0,1,非搞笑/玩梗,搞笑/玩梗,Step2第3条：夸张堆砌对仗式喊麦体/广告文案，结构明显，主动制造娱乐效果。,误判
kg6q-fnvgzc.aac,secould the five SHA。,1,0,搞笑/玩梗,非搞笑/玩梗,Step9兜底：无意义英文/ASR错误，无搞笑特征。,误判
-QFTtoyyS0s.aac,天生气发语音还在唱歌，我听着语音绷不住了啊。,0,1,非搞笑/玩梗,搞笑/玩梗,Step1：出现‘绷不住了’独立成句，且有具体内容（听到语音唱歌）支撑逗乐回应，判1。,误判
DFP5IyfKu7Q.aac,这个变声器发语音还在唱歌，我听着语音绷不住了。,0,1,非搞笑/玩梗,搞笑/玩梗,Step1：出现‘绷不住了’独立成句，有具体对象（变声器语音唱歌）支撑，判1。,误判
t5W3lOzK1gU.aac,citis fection。,1,0,搞笑/玩梗,非搞笑/玩梗,Step9：ASR可能识别错误或无意义短句，无明显搞笑特征，倾向判0。,误判
qOe8OCWC4e4.aac,哥哥别生气。发语音还在唱歌，我听着语音封住了啊。,1,0,搞笑/玩梗,非搞笑/玩梗,Step9：解释说明，无搞笑意图或玩梗结构，普通叙述。,误判
_Z00ckPJ5Dg.aac,我听见你心中那动人的天籁，就忽如一夜春风袭来，满面桃花开，我忍不住去采。我忍不出去摘。,1,0,搞笑/玩梗,非搞笑/玩梗,歌词演绎，文本改动小，非恶搞改编，不属于搞笑结构。,误判
9aiwBG0ziS4.aac,我靠，这个声音大便回来呀。,1,0,搞笑/玩梗,非搞笑/玩梗,吐槽语气，但无明确搞笑结构或网络梗，边界内容依铁律判0。,误判
Pqxsx6bvqEY.aac,潇洒潇洒潇洒潇洒。胖子身上衣。,1,0,搞笑/玩梗,非搞笑/玩梗,重复词语加无厘头短句，无法识别具体梗，不满足Step2。,误判
DQzf-d7-VzY.aac,还惊喜你惊。happy birthday to you。happy birthday。疑南地北。,1,0,搞笑/玩梗,非搞笑/玩梗,生日祝福夹杂零碎词，无搞笑结构或网络梗。,误判
au7tZFLx9s4.aac,真是服了这个键盘了，什么恶臭的语音，一说话就开始唱歌。搞得我被同学他们都嫌弃了。,1,0,搞笑/玩梗,非搞笑/玩梗,抱怨语音功能，无搞笑结构，属于普通吐槽（Step9兜底判0）,误判
sf-GEvs7qnM.aac,我真的好崩溃啊。一发语音就唱歌，我是真的累着了。,1,0,搞笑/玩梗,非搞笑/玩梗,抱怨崩溃，无搞笑结构（Step9）,误判
J-ln7FpYzd4.aac,啊啊。阿玛特拉斯。,1,0,搞笑/玩梗,非搞笑/玩梗,单个词无上下文，无法确定为玩梗，判0（Step9）,误判
zcvpyXh8WAo.aac,叫姐姐太小了，叫妈妈。太大了。小哥哥性别不对。找爸爸太老了，所以你应该找什么？,1,0,搞笑/玩梗,非搞笑/玩梗,比喻性表达，无搞笑意图（Step9）,误判
q0xruLgcbUY.aac,c tic fiction。,1,0,搞笑/玩梗,非搞笑/玩梗,歌词或情感表达，无搞笑成分（Step9）,误判
ze66E3fz2Ko.aac,真的吗宝宝。向上向上，向上向上向前是萝莉音。哼哼哼，感觉不像。,1,0,搞笑/玩梗,非搞笑/玩梗,抱怨崩溃，无搞笑结构（Step9）,误判
mNlJbo_zMSs.aac,我真的好崩溃呀。你发语音就唱歌，我是真的没招惹。,1,0,搞笑/玩梗,非搞笑/玩梗,疑似歌词，无荒诞改编证据，判0（Step2第2条不满足）,误判
xF-610ebRdI.aac,别闹叔叔不会撒娇。鹅鹅鹅。啊。,0,异常,发语音玩,解析错误,返回结果数量不足（期望20条，实际19条）,API异常
LlECrz8oBpI.aac,布娜娜。,1,0,搞笑/玩梗,非搞笑/玩梗,Step9兜底：极短无特征，倾向判0。,误判
e81_8Qagd9k.aac,向上向上，向上，向上向上向前。叫长头。,1,0,搞笑/玩梗,非搞笑/玩梗,Step9兜底：无明确语义，无搞笑结构。,误判
NMcY0z6_6X8.aac,卖三明治嘞，卖三明治嘞，都来看一看。不好吃不要钱。,1,0,搞笑/玩梗,非搞笑/玩梗,Step9兜底：普通叫卖，无搞笑结构。,误判
XgUfSJx8Wi0.aac,你这个声音肯定夹了呀。,0,1,非搞笑/玩梗,搞笑/玩梗,Step2第1条：明确调侃对方声音‘夹了’，有具体调侃对象和荒诞落点。,误判
FZrUtokUCEQ.aac,泪水打湿a级钙。麻辣我的情和爱。,1,0,搞笑/玩梗,非搞笑/玩梗,Step9兜底：疑似恶搞但无法明确识别具体梗或改编锚点，边界内容按全局铁律判0。,误判
mqisMtpUJ44.aac,我听见你心中那动人的天籁，就忽如一夜春风袭来，满面桃花开，我忍不住去采。我忍不住去摘我敞开胸怀，为你等待，令抬令抬抬。,1,0,搞笑/玩梗,非搞笑/玩梗,Step9兜底：歌词演唱，末尾无恶搞内容，无搞笑意图。,误判
l2TTQxh_Pi8.aac,啊，太小了。叫叔叔太老了，叫妈妈性格不对。阿吉小傻，你应该教训吧。,1,0,搞笑/玩梗,非搞笑/玩梗,Step9兜底：认真讨论称呼问题，非主动制造笑点。,误判
4MV3RurD-l8.aac,哎呀妈呀，一群大聪明。,1,0,搞笑/玩梗,非搞笑/玩梗,Step9兜底：感叹式评价，无具体搞笑结构或调侃对象落点。,误判
PduZeyu9u00.aac,姐姐放个奶屁给你补补补补补。,1,0,搞笑/玩梗,非搞笑/玩梗,Step9兜底：疑似恶搞但无法明确识别具体梗，边界判0。,误判
dqNJZNlfNbw.aac,偷我的变声器也关不掉了。,1,0,搞笑/玩梗,非搞笑/玩梗,抱怨性陈述，无具体搞笑结构（Step9判0）。,误判
loEbLxdWQ-Y.aac,快了吗？关了关了。,1,0,搞笑/玩梗,非搞笑/玩梗,简短回复，无搞笑元素（Step9判0）。,误判
Q1fcohbE-uo.aac,中间咖喱倍儿高，奖品野马倍儿好，双击钞票奔吃青蛙，还有大金老铁，中间咖喱倍儿好，奖品野马倍儿好。手机钞票被吃惊了，还有大惊了，完没中。,1,0,搞笑/玩梗,非搞笑/玩梗,疑似喊麦广告文案，但内容混乱且可能ASR错误，按边界判0（全局铁律）。,误判
sj08Me1spJY.aac,我也会我也会啊。小猪小猪马，左边一个马，右边一个马。,1,0,搞笑/玩梗,非搞笑/玩梗,似儿歌或自言自语，无搞笑意图（Step9判0）。,误判
2Or36tpWqjQ.aac,我啊。好叔叔姐。啊，不对。,1,0,搞笑/玩梗,非搞笑/玩梗,口误式表达，无搞笑结构（Step9判0）。,误判
3lCJdlp4tWo.aac,额，这个英语听力的时候，我感觉我自己活到头了，两腿一蹬过去享福去了，老铁们。selicefection。,1,0,搞笑/玩梗,非搞笑/玩梗,吐槽英语听力，虽有夸张但核心是表达痛苦，非主动构造笑点（Step9判0，边界判0）。,误判
m4YNWF3AnvY.aac,hello，hello，hello，hello，小美女们，我带着我的高端侦探印来迷惑你们了。接着日金香。哪有你的日金香，哇哦，佳节舞步甜蜜的弥陀佛，哇哦，我要晕死快手每个人了。,1,0,搞笑/玩梗,非搞笑/玩梗,无法明确识别具体网络梗或搞笑结构，语气夸张但无明确笑点构造，边界内容判0（Step9兜底）,误判
nB15HPYwM3I.aac,咱东北的啊，你口音不好，别挂我一思，俺音乐没学好。先来一个大东北，是我的家乡。six fation。,1,0,搞笑/玩梗,非搞笑/玩梗,自我介绍+唱歌，无明显搞笑结构，边界判0（Step9）,误判
UTyrtXThLwg.aac,中奖概率倍儿高，奖品也倍儿好，手机钞票奔驰心跳，还有大金龙。,1,0,搞笑/玩梗,非搞笑/玩梗,类似广告文案，无明确戏谑或荒诞，边界判0（Step9）,误判
jHBsRHS7po0.aac,算姐姐。没有。,1,0,搞笑/玩梗,非搞笑/玩梗,Step9兜底：简短回应，无搞笑意图。,误判
z2O3DWA0koE.aac,来个大葱，我士酱。,1,0,搞笑/玩梗,非搞笑/玩梗,Step9兜底：疑似谐音但无法识别具体梗，边界判0。,误判
bcgZoOz-eXk.aac,谁能告诉我这个变声器咋关呐，我真不行。,1,0,搞笑/玩梗,非搞笑/玩梗,Step9兜底：求助抱怨，无搞笑结构。,误判
Cvxg6aV4QJA.aac,呵呵呵呵呵呵呵呵呵呵呵呵呵呵呵呵呵呵。要使要使用使用使用使用使用使用使用使用使用。,1,0,搞笑/玩梗,非搞笑/玩梗,纯拟声笑声字符，无独立语义，且后半段为ASR乱语，无搞笑结构。命中Step5排除。,误判
SKxPG3L2IpY.aac,我更名字要戴口罩。我太呀兵哥勾当懒哦。,1,0,搞笑/玩梗,非搞笑/玩梗,ASR识别错误，无意义，无搞笑结构。兜底判0。,误判
GiI4qkshk9g.aac,啊，真的不会读selice feshion。,1,0,搞笑/玩梗,非搞笑/玩梗,单纯陈述不会读英文，无搞笑结构。兜底判0。,误判
O2CXRYwVZf0.aac,我愿被骗18块生气变成奥特曼。,1,0,搞笑/玩梗,非搞笑/玩梗,内容荒诞但无法识别为具体网络梗，边界内容按全局铁律判0。,误判
U4owg7tJJvY.aac,是谁吧，你在讨人世间，是谁含辛茹苦供你吃喝穿。,1,0,搞笑/玩梗,非搞笑/玩梗,疑似歌词ASR错误，无搞笑结构。兜底判0。,误判
Ct9k0-9cHg0.aac,啥名字啥名字快来买。,1,0,搞笑/玩梗,非搞笑/玩梗,叫卖语气，无搞笑结构。兜底判0。,误判
EKUah_aUFvM.aac,其实我感觉。那边的人读这个英文都一样吧。said is fection。,1,0,搞笑/玩梗,非搞笑/玩梗,普通讨论发音，无搞笑意图。兜底判0。,误判
kQDQ3mwaAE4.aac,三明治哦。,1,0,搞笑/玩梗,非搞笑/玩梗,极短且无特征，倾向判0。,误判
BVxnGa0vlVM.aac,别闹乖乖的吃汉堡。宝宝你多多喜欢我不。,1,0,搞笑/玩梗,非搞笑/玩梗,普通撒娇/哄人话语，无明显搞笑结构，未命中任何判1规则。,误判
PCC0rgRqDZc.aac,到底怎么关掉啊？,1,0,搞笑/玩梗,非搞笑/玩梗,单纯疑问句，无搞笑意图，未命中。,误判
zA5VLBxSu1Q.aac,三明治铠甲，大家看一下，三明治，三明治，铠甲香甜美味的三明治。,1,0,搞笑/玩梗,非搞笑/玩梗,近似叫卖，不能明确认出具体梗，按边界判0。,误判
69Rh8NecBRU.aac,不买我的三明治是给。,1,0,搞笑/玩梗,非搞笑/玩梗,不完整威胁式语句，信息弱，无搞笑结构。,误判
VD3EO5jhkGc.aac,姐姐我放奶屁了。姐姐我放奶屁哦。哼哼，姐姐。我放奶屁了。嗯，姐姐。我放奶屁了。嗯嗯嗯嗯，猪猪。我，我放了屁喽。嗯，姐姐，我，我放奶屁屁了。姐姐姐我放在屁了。,1,0,搞笑/玩梗,非搞笑/玩梗,重复低俗内容，无明确网络梗或结构，非主动制造笑点，判0。,误判
vrQxsqmSb4w.aac,孙悟空，孙悟空，你敢不买一下试试。,1,0,搞笑/玩梗,非搞笑/玩梗,威胁式推销，不能明确认出具体梗，边界判0。,误判
nIxrwvyqoG4.aac,三明治，三明治卖，三明治嘞，卖三明治嘞。,1,0,搞笑/玩梗,非搞笑/玩梗,单纯叫卖，无搞笑结构。,误判
TUupd-pye94.aac,跳跳跳跳。啾啾啾。,1,0,搞笑/玩梗,非搞笑/玩梗,拟声/无效内容，无搞笑意图。,误判
HVFO9vPwi_4.aac,名字卖三明治嘞。一仙仙座三明治。不好吃不要钱。,1,0,搞笑/玩梗,非搞笑/玩梗,普通叫卖语，无搞笑结构，Step9判0。,误判
MPZoVPwchP8.aac,我。无有心啊。,1,0,搞笑/玩梗,非搞笑/玩梗,语义不明，无搞笑特征，Step9判0。,误判
tS0PRYagJ7w.aac,suddisfection。,1,0,搞笑/玩梗,非搞笑/玩梗,无意义英语单词，无搞笑意图，Step9判0。,误判
NRIG0qWQqv4.aac,叫哥哥太小了，叫叔叔太老了，叫妈妈性格不对。那仔细想想，宝宝们该叫我什么呢？呃，对了，那就叫我哥哥吧。,1,0,搞笑/玩梗,非搞笑/玩梗,自问自答式调侃，但认不出具体梗，边界地带按铁律判0。,误判
d5b3v_scAJA.aac,我听见你心中那动人的天籁，就忽如一夜春风袭来，满面桃花开，我忍不住去采。我忍不住去摘我敞开胸怀，为你等待，令抬令抬抬鼠牛，功夫高虎兔胆气好。龙在左，蛇在右嘛，要匆匆前来到。猴鸡相交换，狗猪来帮忙，12大侠在金刚，12大侠在金刚。,1,0,搞笑/玩梗,非搞笑/玩梗,疑似恶搞改编歌词但无法确认具体锚点，边界地带判0。,误判
YkMLiCnygPw.aac,city spection,1,0,搞笑/玩梗,非搞笑/玩梗,短语无意义，无搞笑意图，Step9判0。,误判
PDVvkWSzBCw.aac,city spection,1,0,搞笑/玩梗,非搞笑/玩梗,ASR文本为英文短语，无搞笑意图，Step9判0。,误判
m9diODSRlUk.aac,我听见你心中那动人的天籁，就呼噜一夜春风起来，暖暖桃花开。我忍不出去采，我忍不出去摘。我敞开胸怀为你等待，令抬令抬抬肥肥胖胖是太阳，鼓鼓闹闹是。天上高万公拐弯小路上三个吊儿郎当一个只想要锁洞梁，一个挖空心思经商。一个估计好的实在太夸张。,1,0,搞笑/玩梗,非搞笑/玩梗,内容混乱，疑似ASR错误，无法识别具体搞笑结构或梗，Step9判0。,误判
XuAzJujP5yU.aac,别闹了。,1,0,搞笑/玩梗,非搞笑/玩梗,简短回应，无搞笑结构，Step9判0。,误判
GsBq_QiFx8o.aac,卖三明治了。,1,0,搞笑/玩梗,非搞笑/玩梗,普通叫卖，无搞笑意图，Step9判0。,误判
h7PG80tyPL0.aac,拔萝卜，拔萝卜，嘿哟嘿哟，拔萝卜，嘿哟嘿哟，拔不动。老婆婆快来来和我们一起拔萝卜，拔萝卜，拔萝卜。拔呀拔呀拔萝卜，小朋友快来来和我们一起拔萝卜，拔萝卜。嘿哟嘿哟，拔不动，嘿哟嘿哟，拔不动了。小乌龟，小兔兔和文明一起拔萝卜，拔萝卜，拔萝卜，嘿哟嘿哟，拔动了。扒完了，居然让那个老头拉走了。,0,1,非搞笑/玩梗,搞笑/玩梗,恶搞改编儿歌《拔萝卜》，最后一句反转荒诞，符合Step2第2条，判1。,误判
VcihURPirxA.aac,好久没有回河南了，我现在都在广东这边，我也来说一句好吧。cety section。,1,0,搞笑/玩梗,非搞笑/玩梗,前半段叙述，后半段ASR错误，无搞笑结构，Step9判0。,误判
CTocVe7oHqU.aac,叫哥哥太小了，叫叔叔太老了，你叫妈妈，性格不对，你小小。你应该叫什么？,1,0,搞笑/玩梗,非搞笑/玩梗,内容混乱，无法识别具体梗或搞笑结构，Step9判0。,误判
yaGfzi0pn24.aac,啊啊。妈妈。那么多。,1,0,搞笑/玩梗,非搞笑/玩梗,无意义短句，无搞笑意图，Step9判0。,误判
dHM4SpvMpHo.aac,我去闺蜜你们。我也是直接下载上了好吧。,1,0,搞笑/玩梗,非搞笑/玩梗,前半句ASR可能错误，后半句陈述，无搞笑，Step9判0。,误判
_vwwnsuyxxU.aac,我不要吃青菜，我要吃西瓜。,1,0,搞笑/玩梗,非搞笑/玩梗,简单表达喜好，无搞笑结构，Step9判0。,误判
d1MgHNSHBXA.aac,就是咱快手什么时候弄的这个。嗯，sight is fightion。,1,0,搞笑/玩梗,非搞笑/玩梗,ASR文本含英文疑似识别错误，无搞笑结构或笑声词，Step9判0。,误判
iGjtBSfxkYU.aac,谁能告诉我这个变声器咋关呐，我真不行了。,1,0,搞笑/玩梗,非搞笑/玩梗,表达困惑/求助，语气夸张但无具体搞笑结构，Step2不命中，Step9判0。,误判
if8hGYqhONQ.aac,中奖奖率倍儿高，将军野马倍儿好，收集钞票，奔驰金雕，还有大金刀。,1,0,搞笑/玩梗,非搞笑/玩梗,类似喊麦广告文案，但无法排除认真表达，边界内容按全局铁律判0。,误判
KVS_rkpwdGQ.aac,呃，叫哥哥太少了。但是声音太老了，叫妈妈识别不对，仔细想想。给个小心吧。,1,0,搞笑/玩梗,非搞笑/玩梗,吐槽语音识别，有调侃语气但无明确搞笑结构，边界内容按全局铁律判0。,误判
gWN09SaEMvo.aac,咪咪咪咪。咪咪咪咪咪。咪咪咪咪咪咪咪。,1,0,搞笑/玩梗,非搞笑/玩梗,纯拟声无意义，无搞笑意图，Step9判0。,误判
59Kh8jvcvJY.aac,面藕。,1,0,搞笑/玩梗,非搞笑/玩梗,极短无特征，Step9判0。,误判
TsbiRA3_5eo.aac,哗哗哗。坏花花。,1,0,搞笑/玩梗,非搞笑/玩梗,无明确搞笑结构，Step9判0。,误判
OMgOgbZl_u0.aac,俺真的不会呀sixfaction。,1,0,搞笑/玩梗,非搞笑/玩梗,ASR含英文疑似错误，无搞笑意图，Step9判0。,误判
jxLppWzSFoU.aac,set is a foction。,1,0,搞笑/玩梗,非搞笑/玩梗,ASR错误，无搞笑结构，Step9判0。,误判
I4vWPUZGQck.aac,我听见你心中那动人的天籁，就忽如一夜春风袭来，满面桃花开，我忍不住去采。我忍不住去摘我敞开胸怀为你等待，令抬令抬抬肥肥胖胖是太阳，鼓鼓囊囊是山岗。风风光光小路上三个颠儿郎当。一个真相要做栋梁，一个挖空心思经商，一个和其好的实在有点太夸张。,1,0,搞笑/玩梗,非搞笑/玩梗,内容像改编歌词/喊麦，但无法确认具体梗，边界内容按全局铁律判0。,误判
ESntnBk6HzY.aac,哥哥我摔倒了哥哥。,1,0,搞笑/玩梗,非搞笑/玩梗,无法明确识别具体网络梗，无其他搞笑结构，边界内容直接判0（全局铁律）。,误判
yhHxVRIxANg.aac,size she faction,1,0,搞笑/玩梗,非搞笑/玩梗,ASR疑似错误或无意义文本，无搞笑意图。,误判
duL_ghgL7lQ.aac,不管我屁事啊，咋的，把我当人治屎了呀，姐，你别这样搞我行不行啊？,1,0,搞笑/玩梗,非搞笑/玩梗,抱怨语气，无笑声词或明确搞笑结构。,误判
ezNSnX_0PI8.aac,咱就说所以说setifuction。,1,0,搞笑/玩梗,非搞笑/玩梗,ASR疑似错误，无意义。,误判
gS-xvJU3aG0.aac,真的好崩溃呀。一发语音就唱歌，我是真的没招惹。,1,0,搞笑/玩梗,非搞笑/玩梗,抱怨他人唱歌，自身无制造笑点。,误判
7Fyf9R2ailw.aac,啊啊啊。,1,0,搞笑/玩梗,非搞笑/玩梗,Step9：单字感叹，无语义，无搞笑结构，判0。,误判
xoKNKE3DBfY.aac,呃，小哥哥太小了。叫叔叔太冷了。叫妈妈性格不对，请想想那个叫什么。啊，小哥哥。,1,0,搞笑/玩梗,非搞笑/玩梗,Step9：调侃称呼但无法识别具体网络梗，边界内容按铁律判0。,误判
0nE5YPovRck.aac,我困，我困了，我也来试试。city fection,1,0,搞笑/玩梗,非搞笑/玩梗,Step9：普通陈述，无搞笑结构，city fection 含义不明，判0。,误判
7uI4qeQ8YyY.aac,兄弟们有没有劲，有没有劲。,1,0,搞笑/玩梗,非搞笑/玩梗,Step9：直播互动询问，无搞笑意图，判0。,误判
IobnmcgsLC0.aac,来个小破烂孩，我是烟头叔叔。,1,0,搞笑/玩梗,非搞笑/玩梗,看似角色自称，但无法明确识别出具体网络梗，边界内容判0。,误判
WkNRHyO4OBA.aac,咪咪咪咪咪咪咪咪咪嗷哩咪咪咪咪咪咪咪。,1,0,搞笑/玩梗,非搞笑/玩梗,纯拟声字符，无独立语义，Step5排除。,误判
WPYEykSw5K0.aac,用上苹果手机之前VS用苹果手机之后。,1,0,搞笑/玩梗,非搞笑/玩梗,对比句式陈述，无具体内容，未主动制造笑点。,误判
oUFRMQZ3Dg0.aac,我曾随风回来。什么鬼？,1,0,搞笑/玩梗,非搞笑/玩梗,前半句似歌词，后半句吐槽，无搞笑结构。,误判
T_k92X6OlZw.aac,我只是摔倒了。又不是摔死了。你凭什么觉得我爬不起来。,0,1,非搞笑/玩梗,搞笑/玩梗,明确识别出网络梗句式“我只是…又不是…”，自嘲式反转，命中Step2第4条。,误判
nAstJOnWK_g.aac,冷知识，快手能发语音的。,0,1,非搞笑/玩梗,搞笑/玩梗,明确识别“冷知识”网络梗，调侃众所周知的事，命中Step2第4条。,误判
7yx1Vinmvts.aac,你接电话呗。呵呵，我笑不死。,0,1,非搞笑/玩梗,搞笑/玩梗,“笑不死”类似“笑死我了”，配合调侃对方不接电话，核心意图逗乐，命中Step1。,误判
L7K4fs3G6Dg.aac,哈哈哈哈，哎呦，这不烟头瘦瘦吗？,0,1,非搞笑/玩梗,搞笑/玩梗,Step2第1条：带笑声调侃他人，明确对象“烟头瘦瘦”且句式荒诞。主动制造笑点。,误判
Kl2M0tUV5EY.aac,啊啊啊。,1,0,搞笑/玩梗,非搞笑/玩梗,单纯叫声，无笑声词或语义，非主动制造笑点。Step5类似纯拟声，判0。,误判
w1MrQUmHZqs.aac,哈哈哈哈哈哈。哈哈哈哈哈哈。哈哈哈哈哈。嗯嗯。哈哈哈哈哈哈哈哈。哈哈哈。走不了节奏啊，我去，哈哈哈哈哈。,0,1,非搞笑/玩梗,搞笑/玩梗,Step2第1条：笑声词+具体调侃内容“走不了节奏”，主动制造笑点，非单纯拟声。,误判
CXYCPeH4cD4.aac,娇哥哥太小了。小叔叔。太老了，叫妈妈。你说你应该叫我什么？,1,0,搞笑/玩梗,非搞笑/玩梗,称呼调侃，但无法确认具体梗，边界判0（全局铁律）,误判
z7tdGOlkqyQ.aac,不是啊，我姐呀。虽然你的腰没有那么瘦吧，但是你的大腿也没有53厘米吧。还要胖一些吧，瞅瞅都累成啥样了。,0,1,非搞笑/玩梗,搞笑/玩梗,调侃他人，有具体荒诞描述（Step2第1条）,误判
zwYaQ1G_klQ.aac,臭哥哥太小了。你叫叔叔太老了，你叫娜娜simbup。我的小小你应该叫什么？,1,0,搞笑/玩梗,非搞笑/玩梗,称呼调侃，无法确认具体梗，边界判0（全局铁律）,误判
mQqqiZf-nJo.aac,必须这样说，然后啊，应该就这样才正中招啊。咪咪。,1,0,搞笑/玩梗,非搞笑/玩梗,内容模糊，无明确搞笑结构或可识别梗，疑似教学语气，判0。,误判
woxVwF10ex4.aac,看我超级大陆。no赶往黑客大陆。no。,1,0,搞笑/玩梗,非搞笑/玩梗,无法识别具体梗或搞笑结构，ASR可能错误，判0。,误判
Dtbfw6Y6EnA.aac,骗你的我也没帮助。,1,0,搞笑/玩梗,非搞笑/玩梗,虽有“骗你”但整体为陈述，无明确搞笑结构，边界判0。,误判
L2pANYPdHuc.aac,我已经是宣导了。又不是摔死了。你凭什么觉得我爬不起来。,1,0,搞笑/玩梗,非搞笑/玩梗,看似反驳，无明确可识别梗或搞笑结构，判0。,误判
w7VRwlgL-O8.aac,只有快手极速版才有哟，快手是没有的，你们那些用快手的有服了。,0,1,非搞笑/玩梗,搞笑/玩梗,调侃用快手的用户，荒诞落点为“有服了”（反讽），符合Step2第1条。,误判
ZouXg4k9yu4.aac,old you are not me can see me not。,1,0,搞笑/玩梗,非搞笑/玩梗,Step9兜底：中式英语，可能为ASR错误，无明确搞笑结构，判0。,误判
mwX1dQcEFd0.aac,吃。哈哈哈哈哈。去。是的，哈哈哈。哈哈哈哈。,1,0,搞笑/玩梗,非搞笑/玩梗,Step5：纯拟声笑声字符，无独立语义，无主动制造笑点，判0。,误判
i1CajZTNk6A.aac,我不要吃青菜，我要吃虾。,1,0,搞笑/玩梗,非搞笑/玩梗,普通表达，无搞笑结构，Step9判0。,误判
SC5Uhye_x40.aac,你要的钱拿走，不要的也拿走，赶紧痛快拿走，麻溜的给我拿走，统统拿走，打包全拿走。那上就送女朋友，回头一件都别给我留一件，两件，三件，四件，五件，六件。七件八件都是你的，马上拿走。,0,1,非搞笑/玩梗,搞笑/玩梗,夸张堆砌对仗式喊麦体，戏谑催促，命中Step2第3条。,误判
yZjnqzr48sQ.aac,我的和平，我的爱，我的青春满厉害。,1,0,搞笑/玩梗,非搞笑/玩梗,无明确搞笑结构，无法识别具体梗，Step9判0。,误判
60hEnt85QkU.aac,我现在用最简单最直白，最不绕弯子的话告诉你我没绷住。,1,0,搞笑/玩梗,非搞笑/玩梗,出现“没绷住”但无具体内容支撑，属简短回复，Step1判0。,误判
njopOhptiYI.aac,自从认识了你才知道什么是等待。自从爱上了你才明白什么是牵挂。此时此刻我只想告诉你，我真的很想你。也许我给不了你所有的感动，但有个词叫做尽我所能。oh my god。,1,0,搞笑/玩梗,非搞笑/玩梗,深情表白，最后oh my god无搞笑结构，Step9判0。,误判
Q7ntAWLm-Yw.aac,叫哥哥太小了。人家叔叔太懒了。你叫妈妈是了不？很直想想。你应该教训吗？,1,0,搞笑/玩梗,非搞笑/玩梗,Step9：内容混乱，无明显搞笑结构或笑声词，无法确认主动逗乐。,误判
yWY9kinV8w4.aac,不要再笑了，快点来吧，我哈哈哈哈，不好，我自己也好想笑啊。,1,0,搞笑/玩梗,非搞笑/玩梗,Step7：笑声依附于情绪反应（被逗笑），核心意图是表达自己也想笑，非主动制造笑点。,误判
qc6QZ6UNg0s.aac,为什么要把冰块放进秋裤，因为哥的老骨里下巴多。,1,0,搞笑/玩梗,非搞笑/玩梗,Step2第4条：无法明确识别具体网络梗，且ASR可能有误，拿不准判0。,误判
DU9LTfYVDcw.aac,向上向上，向上向上是萝莉音。王丽是最最最厉害的。,1,0,搞笑/玩梗,非搞笑/玩梗,Step9：夸赞喊话，无搞笑结构，核心意图非逗乐。,误判
Y-eH_Cvpx2U.aac,当恩怨各一半，我怎么圈揽。看灯笼血红染，寻仇已太晚，月下门童窥探。作业太平长安。,0,1,非搞笑/玩梗,搞笑/玩梗,Step2第2条：恶搞改编歌词，将'昨夜太平长安'改成'作业太平长安'，有具体锚点，制造荒诞效果。,误判
xtDcEoVRL9s.aac,banana。,1,0,搞笑/玩梗,非搞笑/玩梗,Step9：简单英文单词，无搞笑意图。,误判
WJvoc0jNavE.aac,我听见你心中那动人的天籁，就忽如一夜春风往内。就忽如一夜春风袭来，满面桃花开。,1,0,搞笑/玩梗,非搞笑/玩梗,Step9：改编歌词但无明显恶搞意图，可能是认真演唱，无主动逗乐。,误判
Uh5rq132rPc.aac,好老婆。胡萝卜。,1,0,搞笑/玩梗,非搞笑/玩梗,Step9：无意义短语，无搞笑意图。,误判
0dJPGaPBRVM.aac,你的心脏你的心脏哦要动静，你可是各种女帅哥，麻烦为你好批评一下是不是电视的。闺女讲我只是4楼的嘛，从此外面撞了一个神老公，这这不是皮特甲，皮特甲在皮特甲在楼角。要给喜庆的老帅哥一定心动，一定心动。,1,0,搞笑/玩梗,非搞笑/玩梗,Step9：ASR识别错误/乱码，无搞笑结构。,误判
FMoOuES52cw.aac,小萝卜。,1,0,搞笑/玩梗,非搞笑/玩梗,Step9：简单称呼，无搞笑意图。,误判
oVG3msXne_0.aac,我的妈呀大姐。,1,0,搞笑/玩梗,非搞笑/玩梗,Step9：感叹，无具体搞笑结构。,误判
8tZMtrjIdis.aac,小妹妹你听牛逼克。老师啊。,1,0,搞笑/玩梗,非搞笑/玩梗,Step9：语义不清，无法识别具体梗，判0。,误判
x_Y3mW6BO_g.aac,别闹。叔叔在开摩托车。嗡嗡。,1,0,搞笑/玩梗,非搞笑/玩梗,叙述性回应，无明确搞笑结构，Step9判0。,误判
fajHQ39BiNw.aac,不在意了，姐姐三长大吗？哈哈哈哈。,1,0,搞笑/玩梗,非搞笑/玩梗,笑声依附于疑问/叙述，核心意图非搞笑，Step7排除，判0。,误判
jF8qDRRw4wI.aac,嫂子。,1,0,搞笑/玩梗,非搞笑/玩梗,单字称呼，无搞笑意图，Step9判0。,误判
WSGgnKH1kLA.aac,哎呀，我要笑岔气了，关不掉了。,0,1,非搞笑/玩梗,搞笑/玩梗,Step1：独立成句表达被逗笑（笑岔气），且有具体内容支撑（关不掉），主动逗乐。,误判
llbRKP-G2cg.aac,好意思。子涵子涵子涵子涵子涵子涵子涵子涵子涵子涵子涵子涵子涵子涵子涵。咚咚。,1,0,搞笑/玩梗,非搞笑/玩梗,重复名字加拟声，无法明确识别具体梗，边界内容按全局铁律判0。,误判
M8EEFB6p8yk.aac,好消息好消息，走过路过，不要错过本店清仓处理，亏本大帅卖了。,0,1,非搞笑/玩梗,搞笑/玩梗,Step2第3条：夸张堆砌对仗式喊麦体广告，主动制造娱乐效果。,误判
jJP4kNY7ays.aac,啥玩意儿啊，哎呀我去在东北我跟你说，你就平常唠唠嗑儿，看他们人打电话啥的，搁大道上。一开口，哎呦我的妈全是东北大啥子味儿，这又要说起英语来selecebection。,1,0,搞笑/玩梗,非搞笑/玩梗,描述现象，核心意图是叙述而非主动制造笑点，Step9判0。,误判
6_aoPx7b8Ac.aac,哎呀，最近嗓子不太好啊，都不酸雨啊。sit is fection。,1,0,搞笑/玩梗,非搞笑/玩梗,模糊叙述，无明确搞笑结构，Step9判0。,误判
45iDwhY5oLU.aac,来啊，我试一下第二个，咳咳咳。哥哥我摔倒了，妈呀，我受不了了。,1,0,搞笑/玩梗,非搞笑/玩梗,无法明确识别具体梗，边界内容按全局铁律判0。,误判
C-bY8rxZ-dA.aac,别闹。姐姐会飞。,1,0,搞笑/玩梗,非搞笑/玩梗,简短回应，无明确搞笑结构，Step9判0。,误判
nR9iek7hTgE.aac,妈呀。为了你燃烧了。难瓜。为了你全校。,1,0,搞笑/玩梗,非搞笑/玩梗,Step9兜底：ASR可能错误，无明确搞笑结构或梗。,误判
cPtxwKrWQVU.aac,下楼梯。,1,0,搞笑/玩梗,非搞笑/玩梗,Step9兜底：极短无意义，无搞笑特征。,误判
9N6K0Fg_Os8.aac,向上向上，向上向上向前是萝莉音。,1,0,搞笑/玩梗,非搞笑/玩梗,Step9兜底：描述性语句，无明确搞笑结构或可识别梗。,误判
aV4PDU4lGu8.aac,我听见你心中那动人的天籁，就步入一夜，春风袭来，满面桃花开。,1,0,搞笑/玩梗,非搞笑/玩梗,Step9兜底：歌词，无搞笑意图。,误判
HH8xYwyMvo8.aac,向左向左，向左，向左，向左向左。,1,0,搞笑/玩梗,非搞笑/玩梗,Step9兜底：简单重复指令，无搞笑结构。,误判
sLbP0QLT0EY.aac,打挖鲁多。,1,0,搞笑/玩梗,非搞笑/玩梗,Step9兜底：极短且无法明确识别具体梗，倾向判0。,误判
8rRoAYFWhyk.aac,我不要吃青菜，我要吃虾。,1,0,搞笑/玩梗,非搞笑/玩梗,简单表达喜好，无调侃或笑声，Step9判0。,误判
kghYYJ66d3I.aac,别闹叔叔会飞，不懂不懂不懂不懂。,1,0,搞笑/玩梗,非搞笑/玩梗,内容短且ASR可能不准确，无法识别具体梗，无明确搞笑结构，Step9判0。,误判
iDzJ43SN32Q.aac,你不要以为我是好好先生，哎，你每次都说你塞车塞车。你塞车就不可以提前来吗？就不可以提前跟我说一声吗，非要到了之后我问你就说你塞车塞车。,1,0,搞笑/玩梗,非搞笑/玩梗,抱怨生气，无搞笑结构，Step9判0。,误判
bUjJwstG9bE.aac,18块我点份猪脚饭，为何谈了破恋爱。,1,0,搞笑/玩梗,非搞笑/玩梗,自嘲句式但无法识别具体网络梗，结构上类似但无明确出处，按边界判0（全局铁律）。,误判
u_pSgyNiS04.aac,不再依赖你。山长大吗姐姐。,1,0,搞笑/玩梗,非搞笑/玩梗,无笑声，无搞笑结构，普通聊天（Step9）。,误判
QqRp9tYbFiw.aac,消耗消耗，消耗，消耗消耗。,1,0,搞笑/玩梗,非搞笑/玩梗,无意义重复词，无搞笑意图（Step9）。,误判
okp4mPacOdk.aac,哎呀哥哥。哈哈哈哈哈，哎呀哥哥我摔倒了。哈哈哈哈。,1,0,搞笑/玩梗,非搞笑/玩梗,有笑声和摔倒描述，但核心意图可能是撒娇或陈述，边界内容按全局铁律判0（Step1/Step9）。,误判
ruGXmUD16bQ.aac,这这。我放奶屁了。手抓我放哪儿呢？这是我放奶屁了。咦，这针我放在屁里。,1,0,搞笑/玩梗,非搞笑/玩梗,内容荒诞但ASR可能错误，无明确搞笑结构，边界内容按全局铁律判0（Step9）。,误判
bocL1PNtcDA.aac,九姐放个奶屁给你补补补补补补。,1,0,搞笑/玩梗,非搞笑/玩梗,内容荒诞但无法确认具体梗，边界内容根据铁律判0。,误判
N1fCx7CQ0vI.aac,来个蓝莓，我是香蕉，这次我不会出轨，因为我求生了。我从山中来带着兰花丛这种富贵。花苗。,1,0,搞笑/玩梗,非搞笑/玩梗,前半似玩梗但后半混乱，无法明确识别具体梗，边界判0。,误判
Qe-63Zgoq_E.aac,你是觉得我很蠢。你以为你保护了那些宠物，发现不了吗？看的我。,1,0,搞笑/玩梗,非搞笑/玩梗,只有质疑语气，无搞笑结构或笑声词，未命中SOP任何判1规则。,误判
UbWuaXKJtG8.aac,我听见你那动人的天籁，就像有一夜春风袭来，漫面桃花开。,1,0,搞笑/玩梗,非搞笑/玩梗,文艺抒情表达，无搞笑结构，未命中判1规则。,误判
1ubQVjmlSwc.aac,本人英语啥也不是。saidis fact。,1,0,搞笑/玩梗,非搞笑/玩梗,自嘲但未形成明确搞笑结构，无法识别为具体梗，判0。,误判
AaSHZzhgdNM.aac,sixfection。,1,0,搞笑/玩梗,非搞笑/玩梗,单词语义不明，无搞笑结构，兜底判0。,误判
rEUuDsadQso.aac,sad is fashion。,1,0,搞笑/玩梗,非搞笑/玩梗,似口号但无法识别为具体梗，边界内容直接判0。,误判
XEQRSdw8Jq4.aac,啊。20。,1,0,搞笑/玩梗,非搞笑/玩梗,极短且无特征，兜底判0。,误判
